<?xml version="1.0" encoding="UTF-8"?>
<project-private xmlns="http://www.netbeans.org/ns/project-private/1">
    <editor-bookmarks xmlns="http://www.netbeans.org/ns/editor-bookmarks/2" lastBookmarkId="0"/>
    <open-files xmlns="http://www.netbeans.org/ns/projectui-open-files/2">
        <group>
            <file>file:/D:/HK3/CSD201/Lab/CSD201_SE1825_PhongVT_AS2/CSD201_Lab05/src/lab05/Question4.java</file>
            <file>file:/D:/HK3/CSD201/Lab/CSD201_SE1825_PhongVT_AS2/CSD201_Lab05/src/lab05/Question1.java</file>
            <file>file:/D:/HK3/CSD201/Lab/CSD201_SE1825_PhongVT_AS2/CSD201_Lab05/src/lab05/Question2.java</file>
            <file>file:/D:/HK3/CSD201/Lab/CSD201_SE1825_PhongVT_AS2/CSD201_Lab05/src/lab05/Question3.java</file>
        </group>
    </open-files>
</project-private>
